{"nodes":{"node:1":{"location":{"x":-72,"y":153}},"node:2":{"location":{"x":0,"y":0}}},"selection":null,"view":{"scroll":{"x":-240.73114013671875,"y":-299.17352294921875},"visible_rect":{"max":{"x":158.134429931640625,"y":366.413238525390625},"min":{"x":-120.365570068359375,"y":-149.586761474609375}},"zoom":2}}