{"nodes":null,"selection":null,"view":{"scroll":{"x":-802.8360595703125,"y":-341.590179443359375},"visible_rect":{"max":{"x":212.3760986328125,"y":168.399978637695312},"min":{"x":-292.3760986328125,"y":-124.399993896484375}},"zoom":2.74590182304382324}}