{"nodes":{"node:1":{"location":{"x":0,"y":0}},"node:4":{"location":{"x":-54,"y":85}}},"selection":null,"view":{"scroll":{"x":-632.811279296875,"y":-178.9188232421875},"visible_rect":{"max":{"x":324.87548828125,"y":222.032470703125},"min":{"x":-253.12451171875,"y":-71.5675277709960938}},"zoom":2.5}}