{"nodes":{"node:1":{"location":{"x":-6,"y":-107}},"node:10":{"location":{"x":-108,"y":165}},"node:16":{"location":{"x":298,"y":117}},"node:19":{"location":{"x":-374,"y":261}},"node:21":{"location":{"x":-182,"y":277}},"node:28":{"location":{"x":202,"y":309}},"node:31":{"location":{"x":410,"y":309}},"node:4":{"location":{"x":52,"y":-1}},"node:55":{"location":{"x":276,"y":5}},"node:7":{"location":{"x":58,"y":165}}},"selection":null,"view":{"scroll":{"x":-599.501220703125,"y":-198.279159545898438},"visible_rect":{"max":{"x":656.47113037109375,"y":415.950042724609375},"min":{"x":-465.471099853515625,"y":-153.95001220703125}},"zoom":1.28794515132904053}}