{"nodes":{"node:1":{"location":{"x":-316,"y":-75}},"node:3":{"location":{"x":-102,"y":53}},"node:6":{"location":{"x":-86,"y":-129}}},"selection":null,"view":{"scroll":{"x":-1011.1151123046875,"y":-533.18023681640625},"visible_rect":{"max":{"x":312.94244384765625,"y":179.909881591796875},"min":{"x":-505.55755615234375,"y":-266.590118408203125}},"zoom":2}}