{"nodes":{"node:15":{"location":{"x":-182,"y":-171}},"node:18":{"location":{"x":-150,"y":-43}},"node:21":{"location":{"x":0,"y":0}},"node:23":{"location":{"x":-278,"y":69}}},"selection":null,"view":{"scroll":{"x":-975.9967041015625,"y":-572.29083251953125},"visible_rect":{"max":{"x":407.335540771484375,"y":275.13946533203125},"min":{"x":-650.66448974609375,"y":-381.5272216796875}},"zoom":1.5}}