{"nodes":{"node:1":{"location":{"x":-20,"y":-262}},"node:10":{"location":{"x":-223,"y":66}},"node:16":{"location":{"x":380,"y":-22}},"node:19":{"location":{"x":-740,"y":362}},"node:21":{"location":{"x":-356,"y":362}},"node:25":{"location":{"x":28,"y":346}},"node:28":{"location":{"x":332,"y":378}},"node:31":{"location":{"x":748,"y":298}},"node:4":{"location":{"x":44,"y":-102}},"node:7":{"location":{"x":58,"y":165}}},"selection":null,"view":{"scroll":{"x":-363.87872314453125,"y":3.75},"visible_rect":{"max":{"x":984.62579345703125,"y":639.11529541015625},"min":{"x":-331.400726318359375,"y":3.41529369354248047}},"zoom":1.09800219535827637}}