{"nodes":{"node:1":{"location":{"x":1,"y":-238}},"node:10":{"location":{"x":-228,"y":26}},"node:16":{"location":{"x":314,"y":133}},"node:19":{"location":{"x":-564,"y":218}},"node:21":{"location":{"x":-324,"y":282}},"node:25":{"location":{"x":-276,"y":314}},"node:28":{"location":{"x":12,"y":378}},"node:31":{"location":{"x":316,"y":346}},"node:4":{"location":{"x":44,"y":-62}},"node:7":{"location":{"x":17,"y":114}}},"selection":null,"view":{"scroll":{"x":-541.878662109375,"y":-199.247512817382812},"visible_rect":{"max":{"x":822.51318359375,"y":454.236328125},"min":{"x":-493.513275146484375,"y":-181.463668823242188}},"zoom":1.09800219535827637}}