{"nodes":{"node:1":{"location":{"x":74,"y":-123}},"node:4":{"location":{"x":-22,"y":21}},"node:7":{"location":{"x":190,"y":46}}},"selection":null,"view":{"scroll":{"x":-622.60198974609375,"y":-427.377227783203125},"visible_rect":{"max":{"x":389.9256591796875,"y":161.550003051757812},"min":{"x":-198.925674438476562,"y":-136.550003051757812}},"zoom":3.1298222541809082}}