{"nodes":{"node:1":{"location":{"x":122,"y":-59}},"node:6":{"location":{"x":-70,"y":133}}},"selection":null,"view":{"scroll":{"x":-817.13336181640625,"y":-875.7537841796875},"visible_rect":{"max":{"x":523.23681640625,"y":187.749649047851562},"min":{"x":-555.36151123046875,"y":-595.20263671875}},"zoom":1.47135400772094727}}