{"nodes":null,"selection":null,"view":{"scroll":{"x":-622.7298583984375,"y":-70.423583984375},"visible_rect":{"max":{"x":321.42340087890625,"y":295.525482177734375},"min":{"x":-207.576629638671875,"y":-23.4745292663574219}},"zoom":3}}