{"nodes":null,"selection":null,"view":{"scroll":{"x":-527.13336181640625,"y":-650.75396728515625},"visible_rect":{"max":{"x":720.33416748046875,"y":340.66986083984375},"min":{"x":-358.26409912109375,"y":-442.2823486328125}},"zoom":1.47135412693023682}}