{"nodes":null,"selection":null,"view":{"scroll":{"x":-848.00933837890625,"y":-792.17791748046875},"visible_rect":{"max":{"x":224.9842529296875,"y":37.6500282287597656},"min":{"x":-399.984222412109375,"y":-373.649993896484375}},"zoom":2.12010693550109863}}