{"nodes":{"node:1":{"location":{"x":-150,"y":-171}},"node:11":{"location":{"x":-150,"y":-353}},"node:14":{"location":{"x":-12,"y":-299}},"node:28":{"location":{"x":0,"y":0}},"node:30":{"location":{"x":266,"y":-43}},"node:32":{"location":{"x":-182,"y":-11}},"node:34":{"location":{"x":-406,"y":-43}},"node:4":{"location":{"x":4,"y":111}},"node:7":{"location":{"x":26,"y":229}}},"selection":null,"view":{"scroll":{"x":-865.13336181640625,"y":-605.75396728515625},"visible_rect":{"max":{"x":490.61376953125,"y":371.253936767578125},"min":{"x":-587.98443603515625,"y":-411.698272705078125}},"zoom":1.47135412693023682}}