{"nodes":{"node:11":{"location":{"x":-124,"y":-353}},"node:32":{"location":{"x":-294,"y":-59}},"node:58":{"location":{"x":-6,"y":-43}}},"selection":null,"view":{"scroll":{"x":-762.13336181640625,"y":-791.7537841796875},"visible_rect":{"max":{"x":560.61737060546875,"y":244.839920043945312},"min":{"x":-517.98095703125,"y":-538.11236572265625}},"zoom":1.47135400772094727}}