{"nodes":null,"selection":null,"view":{"scroll":{"x":-379.3717041015625,"y":-338.16119384765625},"visible_rect":{"max":{"x":389.9256591796875,"y":202.316741943359375},"min":{"x":-198.925674438476562,"y":-177.31671142578125}},"zoom":1.90710282325744629}}